Title,
Revision,
Date,
Generated,8/3/2017 11:20:53 AM
Company,
Comment 1,
Comment 2,
Comment 3,
Comment 4,
Total Parts,60
Total Unique Parts,34



Ref,Qty,Value,Footprint,
C1 C4 C5 C8 C9 C13 C15 C16 ,8,0.1uf,Capacitors_SMD:C_0603_HandSoldering
C2 ,1,10uF/50v,Capacitors_SMD:C_1210_HandSoldering
C3 ,1,10uF/50V,Capacitors_SMD:C_1210_HandSoldering
C6 C7 ,2,100uF,Capacitors_SMD:C_1210
C10 C14 ,2,100uF,Capacitors_Tantalum_SMD:CP_Tantalum_Case-D_EIA-7343-31_Wave
C11 C12 ,2,1nF/16V,Capacitors_SMD:C_0603_HandSoldering
D1 ,1,SMDJ36CA,Diodes_SMD:D_SMC_Handsoldering
D2 ,1,GF1A,Diodes_SMD:D_SMA_Handsoldering
D3 ,1,B350A-13-F,Diodes_SMD:D_SMA_Handsoldering
D4 ,1,LED_GREEN,
D5 ,1,LED_RED,
F1 ,1,MINISMDC075F/33-2,Capacitors_SMD:C_1812_HandSoldering
J1 ,1,Screw_Terminal_1x02,myFootPrints:Conn-2Pos-8.25mm
J2 ,1,BARREL_JACK,myFootPrints:Power-Jack-2.5mm-SMD
J3 ,1,CONN_01X03,Connectors_Samtec:SL-103-X-XX_1x03
J4 J5 ,2,CONN_01X05,Connectors_Samtec:SL-105-X-XX_1x05
J6 ,1,CONN_01X07,Connectors_Samtec:SL-107-X-XX_1x07
J7 J9 ,2,CONN_01X02,Connectors_Samtec:SL-102-X-XX_1x02
J8 ,1,CONN_COAXIAL,Connectors:SMA_THT_Jack_Straight
L1 ,1,L,
R1 R2 R3 R4 R5 R6 R7 R9 R10 R15 ,10,0,Resistors_SMD:R_0603_HandSoldering
R8 R13 R14 R19 ,4,100K,Resistors_SMD:R_0603_HandSoldering
R11 ,1,53.6K 1%,Resistors_SMD:R_0603_HandSoldering
R12 ,1,15K 1%,Resistors_SMD:R_0603_HandSoldering
R16 R20 ,2,1K,Resistors_SMD:R_0603_HandSoldering
R17 R18 ,2,DNP,Resistors_SMD:R_0603_HandSoldering
SW1 ,1,L101011MS02Q,myFootPrints:SPST_SW_9.5mm_3pins
SW2 ,1,SW_Push,myFootPrints:SW_PUSH_5mm
TP1 ,1,3.6V,
U1 ,1,AOZ1282CI,TO_SOT_Packages_SMD:SOT-23-6_Handsoldering
U2 ,1,eM300-8b,myFootPrints:eM800-8b
U3 ,1,TLV1117-33CDCYR,TO_SOT_Packages_SMD:SOT-223-3Lead_TabPin2
U4 ,1,TPS22918-Q1,TO_SOT_Packages_SMD:SOT-23-6_Handsoldering
U5 ,1,TPS22918-Q1,




BOM made with KICAD_BOM_WIZARD (https://github.com/HashDefineElectronics/KiCad_BOM_Wizard.git)
Generated 8/3/2017 11:20:53 AM
