<?xml version="1.0" encoding="UTF-8"?>
<export version="D">
  <design>
    <source>C:/Users/zwang/Documents/Temperature Sensor/Hauwei/Hauwei_IoT_Board/Hauwei_IoT_Board.sch</source>
    <date>8/3/2017 11:20:53 AM</date>
    <tool>Eeschema 4.0.6</tool>
    <sheet number="1" name="/" tstamps="/">
      <title_block>
        <title/>
        <company/>
        <rev/>
        <date/>
        <source>Hauwei_IoT_Board.sch</source>
        <comment number="1" value=""/>
        <comment number="2" value=""/>
        <comment number="3" value=""/>
        <comment number="4" value=""/>
      </title_block>
    </sheet>
  </design>
  <components>
    <comp ref="J2">
      <value>BARREL_JACK</value>
      <footprint>myFootPrints:Power-Jack-2.5mm-SMD</footprint>
      <libsource lib="conn" part="BARREL_JACK"/>
      <sheetpath names="/" tstamps="/"/>
      <tstamp>595FDFD0</tstamp>
    </comp>
    <comp ref="SW1">
      <value>L101011MS02Q</value>
      <footprint>myFootPrints:SPST_SW_9.5mm_3pins</footprint>
      <libsource lib="switches" part="SW_DIP_x01"/>
      <sheetpath names="/" tstamps="/"/>
      <tstamp>595FE634</tstamp>
    </comp>
    <comp ref="D2">
      <value>GF1A</value>
      <footprint>Diodes_SMD:D_SMA_Handsoldering</footprint>
      <libsource lib="device" part="D_ALT"/>
      <sheetpath names="/" tstamps="/"/>
      <tstamp>595FE6DB</tstamp>
    </comp>
    <comp ref="D1">
      <value>SMDJ36CA</value>
      <footprint>Diodes_SMD:D_SMC_Handsoldering</footprint>
      <libsource lib="device" part="D_TVS"/>
      <sheetpath names="/" tstamps="/"/>
      <tstamp>595FE764</tstamp>
    </comp>
    <comp ref="C3">
      <value>10uF/50V</value>
      <footprint>Capacitors_SMD:C_1210_HandSoldering</footprint>
      <libsource lib="device" part="C"/>
      <sheetpath names="/" tstamps="/"/>
      <tstamp>595FE853</tstamp>
    </comp>
    <comp ref="C2">
      <value>10uF/50v</value>
      <footprint>Capacitors_SMD:C_1210_HandSoldering</footprint>
      <libsource lib="device" part="C"/>
      <sheetpath names="/" tstamps="/"/>
      <tstamp>595FE905</tstamp>
    </comp>
    <comp ref="U1">
      <value>AOZ1282CI</value>
      <footprint>TO_SOT_Packages_SMD:SOT-23-6_Handsoldering</footprint>
      <libsource lib="myLibrary" part="AOZ1282CI"/>
      <sheetpath names="/" tstamps="/"/>
      <tstamp>595FEC08</tstamp>
    </comp>
    <comp ref="R8">
      <value>100K</value>
      <footprint>Resistors_SMD:R_0603_HandSoldering</footprint>
      <libsource lib="device" part="R"/>
      <sheetpath names="/" tstamps="/"/>
      <tstamp>595FECA9</tstamp>
    </comp>
    <comp ref="L1">
      <value>L</value>
      <libsource lib="device" part="L"/>
      <sheetpath names="/" tstamps="/"/>
      <tstamp>595FF221</tstamp>
    </comp>
    <comp ref="C4">
      <value>0.1uf</value>
      <footprint>Capacitors_SMD:C_0603_HandSoldering</footprint>
      <libsource lib="device" part="C"/>
      <sheetpath names="/" tstamps="/"/>
      <tstamp>595FF350</tstamp>
    </comp>
    <comp ref="C6">
      <value>100uF</value>
      <footprint>Capacitors_SMD:C_1210</footprint>
      <libsource lib="device" part="C"/>
      <sheetpath names="/" tstamps="/"/>
      <tstamp>595FF424</tstamp>
    </comp>
    <comp ref="C7">
      <value>100uF</value>
      <footprint>Capacitors_SMD:C_1210</footprint>
      <libsource lib="device" part="C"/>
      <sheetpath names="/" tstamps="/"/>
      <tstamp>595FF4C4</tstamp>
    </comp>
    <comp ref="R11">
      <value>53.6K 1%</value>
      <footprint>Resistors_SMD:R_0603_HandSoldering</footprint>
      <libsource lib="device" part="R"/>
      <sheetpath names="/" tstamps="/"/>
      <tstamp>595FF62C</tstamp>
    </comp>
    <comp ref="R12">
      <value>15K 1%</value>
      <footprint>Resistors_SMD:R_0603_HandSoldering</footprint>
      <libsource lib="device" part="R"/>
      <sheetpath names="/" tstamps="/"/>
      <tstamp>595FF6D6</tstamp>
    </comp>
    <comp ref="C8">
      <value>0.1uf</value>
      <footprint>Capacitors_SMD:C_0603_HandSoldering</footprint>
      <libsource lib="device" part="C"/>
      <sheetpath names="/" tstamps="/"/>
      <tstamp>59607C65</tstamp>
    </comp>
    <comp ref="U3">
      <value>TLV1117-33CDCYR</value>
      <footprint>TO_SOT_Packages_SMD:SOT-223-3Lead_TabPin2</footprint>
      <libsource lib="regul" part="APE8865N-33-HF-3"/>
      <sheetpath names="/" tstamps="/"/>
      <tstamp>59614841</tstamp>
    </comp>
    <comp ref="TP1">
      <value>3.6V</value>
      <libsource lib="device" part="TEST"/>
      <sheetpath names="/" tstamps="/"/>
      <tstamp>59616150</tstamp>
    </comp>
    <comp ref="R15">
      <value>0</value>
      <footprint>Resistors_SMD:R_0603_HandSoldering</footprint>
      <libsource lib="device" part="R"/>
      <sheetpath names="/" tstamps="/"/>
      <tstamp>59616E69</tstamp>
    </comp>
    <comp ref="C9">
      <value>0.1uf</value>
      <footprint>Capacitors_SMD:C_0603_HandSoldering</footprint>
      <libsource lib="device" part="C"/>
      <sheetpath names="/" tstamps="/"/>
      <tstamp>59617453</tstamp>
    </comp>
    <comp ref="C10">
      <value>100uF</value>
      <footprint>Capacitors_Tantalum_SMD:CP_Tantalum_Case-D_EIA-7343-31_Wave</footprint>
      <libsource lib="device" part="CP1"/>
      <sheetpath names="/" tstamps="/"/>
      <tstamp>59617F08</tstamp>
    </comp>
    <comp ref="D4">
      <value>LED_GREEN</value>
      <libsource lib="device" part="LED_ALT"/>
      <sheetpath names="/" tstamps="/"/>
      <tstamp>5961845C</tstamp>
    </comp>
    <comp ref="R16">
      <value>1K</value>
      <footprint>Resistors_SMD:R_0603_HandSoldering</footprint>
      <libsource lib="device" part="R"/>
      <sheetpath names="/" tstamps="/"/>
      <tstamp>5961876F</tstamp>
    </comp>
    <comp ref="U2">
      <value>eM300-8b</value>
      <footprint>myFootPrints:eM800-8b</footprint>
      <libsource lib="myLibrary" part="eM300-8b"/>
      <sheetpath names="/" tstamps="/"/>
      <tstamp>59630083</tstamp>
    </comp>
    <comp ref="R9">
      <value>0</value>
      <footprint>Resistors_SMD:R_0603_HandSoldering</footprint>
      <libsource lib="device" part="R"/>
      <sheetpath names="/" tstamps="/"/>
      <tstamp>5963A446</tstamp>
    </comp>
    <comp ref="R10">
      <value>0</value>
      <footprint>Resistors_SMD:R_0603_HandSoldering</footprint>
      <libsource lib="device" part="R"/>
      <sheetpath names="/" tstamps="/"/>
      <tstamp>5963A6CE</tstamp>
    </comp>
    <comp ref="C14">
      <value>100uF</value>
      <footprint>Capacitors_Tantalum_SMD:CP_Tantalum_Case-D_EIA-7343-31_Wave</footprint>
      <libsource lib="device" part="CP1"/>
      <sheetpath names="/" tstamps="/"/>
      <tstamp>5963D689</tstamp>
    </comp>
    <comp ref="C16">
      <value>0.1uf</value>
      <footprint>Capacitors_SMD:C_0603_HandSoldering</footprint>
      <libsource lib="device" part="C"/>
      <sheetpath names="/" tstamps="/"/>
      <tstamp>5963DE51</tstamp>
    </comp>
    <comp ref="J5">
      <value>CONN_01X05</value>
      <footprint>Connectors_Samtec:SL-105-X-XX_1x05</footprint>
      <libsource lib="conn" part="CONN_01X05"/>
      <sheetpath names="/" tstamps="/"/>
      <tstamp>59640255</tstamp>
    </comp>
    <comp ref="C1">
      <value>0.1uf</value>
      <footprint>Capacitors_SMD:C_0603_HandSoldering</footprint>
      <libsource lib="device" part="C"/>
      <sheetpath names="/" tstamps="/"/>
      <tstamp>59640D48</tstamp>
    </comp>
    <comp ref="J4">
      <value>CONN_01X05</value>
      <footprint>Connectors_Samtec:SL-105-X-XX_1x05</footprint>
      <libsource lib="conn" part="CONN_01X05"/>
      <sheetpath names="/" tstamps="/"/>
      <tstamp>5964759B</tstamp>
    </comp>
    <comp ref="R7">
      <value>0</value>
      <footprint>Resistors_SMD:R_0603_HandSoldering</footprint>
      <libsource lib="device" part="R"/>
      <sheetpath names="/" tstamps="/"/>
      <tstamp>59647887</tstamp>
    </comp>
    <comp ref="R2">
      <value>0</value>
      <footprint>Resistors_SMD:R_0603_HandSoldering</footprint>
      <libsource lib="device" part="R"/>
      <sheetpath names="/" tstamps="/"/>
      <tstamp>59647B88</tstamp>
    </comp>
    <comp ref="R4">
      <value>0</value>
      <footprint>Resistors_SMD:R_0603_HandSoldering</footprint>
      <libsource lib="device" part="R"/>
      <sheetpath names="/" tstamps="/"/>
      <tstamp>59647C48</tstamp>
    </comp>
    <comp ref="R5">
      <value>0</value>
      <footprint>Resistors_SMD:R_0603_HandSoldering</footprint>
      <libsource lib="device" part="R"/>
      <sheetpath names="/" tstamps="/"/>
      <tstamp>59647DFC</tstamp>
    </comp>
    <comp ref="R6">
      <value>0</value>
      <footprint>Resistors_SMD:R_0603_HandSoldering</footprint>
      <libsource lib="device" part="R"/>
      <sheetpath names="/" tstamps="/"/>
      <tstamp>59647EA4</tstamp>
    </comp>
    <comp ref="J3">
      <value>CONN_01X03</value>
      <footprint>Connectors_Samtec:SL-103-X-XX_1x03</footprint>
      <libsource lib="conn" part="CONN_01X03"/>
      <sheetpath names="/" tstamps="/"/>
      <tstamp>5964B51B</tstamp>
    </comp>
    <comp ref="R3">
      <value>0</value>
      <footprint>Resistors_SMD:R_0603_HandSoldering</footprint>
      <libsource lib="device" part="R"/>
      <sheetpath names="/" tstamps="/"/>
      <tstamp>5964BDD3</tstamp>
    </comp>
    <comp ref="R1">
      <value>0</value>
      <footprint>Resistors_SMD:R_0603_HandSoldering</footprint>
      <libsource lib="device" part="R"/>
      <sheetpath names="/" tstamps="/"/>
      <tstamp>5964C391</tstamp>
    </comp>
    <comp ref="SW2">
      <value>SW_Push</value>
      <footprint>myFootPrints:SW_PUSH_5mm</footprint>
      <libsource lib="switches" part="SW_Push"/>
      <sheetpath names="/" tstamps="/"/>
      <tstamp>5964F0CB</tstamp>
    </comp>
    <comp ref="C15">
      <value>0.1uf</value>
      <footprint>Capacitors_SMD:C_0603_HandSoldering</footprint>
      <libsource lib="device" part="C"/>
      <sheetpath names="/" tstamps="/"/>
      <tstamp>5964F554</tstamp>
    </comp>
    <comp ref="R19">
      <value>100K</value>
      <footprint>Resistors_SMD:R_0603_HandSoldering</footprint>
      <libsource lib="device" part="R"/>
      <sheetpath names="/" tstamps="/"/>
      <tstamp>5964FDD4</tstamp>
    </comp>
    <comp ref="J1">
      <value>Screw_Terminal_1x02</value>
      <footprint>myFootPrints:Conn-2Pos-8.25mm</footprint>
      <libsource lib="conn" part="Screw_Terminal_1x02"/>
      <sheetpath names="/" tstamps="/"/>
      <tstamp>59651EAE</tstamp>
    </comp>
    <comp ref="J8">
      <value>CONN_COAXIAL</value>
      <footprint>Connectors:SMA_THT_Jack_Straight</footprint>
      <libsource lib="conn" part="CONN_COAXIAL"/>
      <sheetpath names="/" tstamps="/"/>
      <tstamp>596531CB</tstamp>
    </comp>
    <comp ref="F1">
      <value>MINISMDC075F/33-2</value>
      <footprint>Capacitors_SMD:C_1812_HandSoldering</footprint>
      <libsource lib="device" part="Fuse"/>
      <sheetpath names="/" tstamps="/"/>
      <tstamp>59668D93</tstamp>
    </comp>
    <comp ref="J7">
      <value>CONN_01X02</value>
      <footprint>Connectors_Samtec:SL-102-X-XX_1x02</footprint>
      <libsource lib="conn" part="CONN_01X02"/>
      <sheetpath names="/" tstamps="/"/>
      <tstamp>59670DE7</tstamp>
    </comp>
    <comp ref="J9">
      <value>CONN_01X02</value>
      <footprint>Connectors_Samtec:SL-102-X-XX_1x02</footprint>
      <libsource lib="conn" part="CONN_01X02"/>
      <sheetpath names="/" tstamps="/"/>
      <tstamp>5967155A</tstamp>
    </comp>
    <comp ref="D3">
      <value>B350A-13-F</value>
      <footprint>Diodes_SMD:D_SMA_Handsoldering</footprint>
      <libsource lib="diode" part="B350"/>
      <sheetpath names="/" tstamps="/"/>
      <tstamp>5969ADA8</tstamp>
    </comp>
    <comp ref="U4">
      <value>TPS22918-Q1</value>
      <footprint>TO_SOT_Packages_SMD:SOT-23-6_Handsoldering</footprint>
      <libsource lib="myLibrary" part="TPS22918-Q1"/>
      <sheetpath names="/" tstamps="/"/>
      <tstamp>598104B6</tstamp>
    </comp>
    <comp ref="U5">
      <value>TPS22918-Q1</value>
      <libsource lib="myLibrary" part="TPS22918-Q1"/>
      <sheetpath names="/" tstamps="/"/>
      <tstamp>5981062F</tstamp>
    </comp>
    <comp ref="R18">
      <value>DNP</value>
      <footprint>Resistors_SMD:R_0603_HandSoldering</footprint>
      <libsource lib="device" part="R"/>
      <sheetpath names="/" tstamps="/"/>
      <tstamp>59810879</tstamp>
    </comp>
    <comp ref="R17">
      <value>DNP</value>
      <footprint>Resistors_SMD:R_0603_HandSoldering</footprint>
      <libsource lib="device" part="R"/>
      <sheetpath names="/" tstamps="/"/>
      <tstamp>59810AA9</tstamp>
    </comp>
    <comp ref="C11">
      <value>1nF/16V</value>
      <footprint>Capacitors_SMD:C_0603_HandSoldering</footprint>
      <libsource lib="device" part="C"/>
      <sheetpath names="/" tstamps="/"/>
      <tstamp>59810BEB</tstamp>
    </comp>
    <comp ref="C12">
      <value>1nF/16V</value>
      <footprint>Capacitors_SMD:C_0603_HandSoldering</footprint>
      <libsource lib="device" part="C"/>
      <sheetpath names="/" tstamps="/"/>
      <tstamp>59810EDF</tstamp>
    </comp>
    <comp ref="C13">
      <value>0.1uf</value>
      <footprint>Capacitors_SMD:C_0603_HandSoldering</footprint>
      <libsource lib="device" part="C"/>
      <sheetpath names="/" tstamps="/"/>
      <tstamp>59815ACA</tstamp>
    </comp>
    <comp ref="C5">
      <value>0.1uf</value>
      <footprint>Capacitors_SMD:C_0603_HandSoldering</footprint>
      <libsource lib="device" part="C"/>
      <sheetpath names="/" tstamps="/"/>
      <tstamp>5981F031</tstamp>
    </comp>
    <comp ref="J6">
      <value>CONN_01X07</value>
      <footprint>Connectors_Samtec:SL-107-X-XX_1x07</footprint>
      <libsource lib="conn" part="CONN_01X07"/>
      <sheetpath names="/" tstamps="/"/>
      <tstamp>598227CE</tstamp>
    </comp>
    <comp ref="R13">
      <value>100K</value>
      <footprint>Resistors_SMD:R_0603_HandSoldering</footprint>
      <libsource lib="device" part="R"/>
      <sheetpath names="/" tstamps="/"/>
      <tstamp>59825C38</tstamp>
    </comp>
    <comp ref="R14">
      <value>100K</value>
      <footprint>Resistors_SMD:R_0603_HandSoldering</footprint>
      <libsource lib="device" part="R"/>
      <sheetpath names="/" tstamps="/"/>
      <tstamp>59826A89</tstamp>
    </comp>
    <comp ref="D5">
      <value>LED_RED</value>
      <libsource lib="device" part="LED_ALT"/>
      <sheetpath names="/" tstamps="/"/>
      <tstamp>5983F0A9</tstamp>
    </comp>
    <comp ref="R20">
      <value>1K</value>
      <footprint>Resistors_SMD:R_0603_HandSoldering</footprint>
      <libsource lib="device" part="R"/>
      <sheetpath names="/" tstamps="/"/>
      <tstamp>5983F0AF</tstamp>
    </comp>
  </components>
  <libparts>
    <libpart lib="myLibrary" part="AOZ1282CI">
      <footprints>
        <fp>SOT23-6</fp>
      </footprints>
      <fields>
        <field name="Reference">U</field>
        <field name="Value">AOZ1282CI</field>
      </fields>
      <pins>
        <pin num="1" name="BST" type="input"/>
        <pin num="2" name="GND" type="power_in"/>
        <pin num="3" name="FB" type="input"/>
        <pin num="4" name="EN" type="input"/>
        <pin num="5" name="VIN" type="power_in"/>
        <pin num="6" name="LX" type="power_out"/>
      </pins>
    </libpart>
    <libpart lib="regul" part="APE8865N-12-HF-3">
      <aliases>
        <alias>APE8865N-15-HF-3</alias>
        <alias>APE8865N-16-HF-3</alias>
        <alias>APE8865N-17-HF-3</alias>
        <alias>APE8865N-18-HF-3</alias>
        <alias>APE8865N-19-HF-3</alias>
        <alias>APE8865N-20-HF-3</alias>
        <alias>APE8865N-21-HF-3</alias>
        <alias>APE8865N-22-HF-3</alias>
        <alias>APE8865N-23-HF-3</alias>
        <alias>APE8865N-24-HF-3</alias>
        <alias>APE8865N-25-HF-3</alias>
        <alias>APE8865N-26-HF-3</alias>
        <alias>APE8865N-27-HF-3</alias>
        <alias>APE8865N-28-HF-3</alias>
        <alias>APE8865N-29-HF-3</alias>
        <alias>APE8865N-30-HF-3</alias>
        <alias>APE8865N-31-HF-3</alias>
        <alias>APE8865N-32-HF-3</alias>
        <alias>APE8865N-33-HF-3</alias>
      </aliases>
      <description>300 mA Low Dropout Voltage Regulator, Fixed Output 1.2V, SOT-23</description>
      <docs>http://www.a-powerusa.com/docs/APE8865-3.pdf</docs>
      <footprints>
        <fp>SOT*</fp>
      </footprints>
      <fields>
        <field name="Reference">U</field>
        <field name="Value">APE8865N-12-HF-3</field>
        <field name="Footprint">TO_SOT_Packages_SMD:SOT-23</field>
      </fields>
      <pins>
        <pin num="1" name="GND" type="power_in"/>
        <pin num="2" name="VOUT" type="power_out"/>
        <pin num="3" name="VIN" type="input"/>
      </pins>
    </libpart>
    <libpart lib="diode" part="B320">
      <aliases>
        <alias>B330</alias>
        <alias>B340</alias>
        <alias>B350</alias>
        <alias>B360</alias>
      </aliases>
      <description>20V 3A Schottky Barrier Rectifier Diode, SMC</description>
      <docs>http://www.jameco.com/Jameco/Products/ProdDS/1538777.pdf</docs>
      <footprints>
        <fp>D*DO?214AC*</fp>
        <fp>D*SMA*</fp>
        <fp>DO?214AC*</fp>
        <fp>SMA*</fp>
      </footprints>
      <fields>
        <field name="Reference">D</field>
        <field name="Value">B320</field>
        <field name="Footprint">Diodes_SMD:SMC_Standard</field>
      </fields>
      <pins>
        <pin num="1" name="K" type="passive"/>
        <pin num="2" name="A" type="passive"/>
      </pins>
    </libpart>
    <libpart lib="conn" part="BARREL_JACK">
      <description>DC Barrel Jack</description>
      <fields>
        <field name="Reference">J</field>
        <field name="Value">BARREL_JACK</field>
      </fields>
      <pins>
        <pin num="1" name="~" type="passive"/>
        <pin num="2" name="~" type="passive"/>
        <pin num="3" name="~" type="passive"/>
      </pins>
    </libpart>
    <libpart lib="device" part="C">
      <description>Unpolarized capacitor</description>
      <footprints>
        <fp>C_*</fp>
      </footprints>
      <fields>
        <field name="Reference">C</field>
        <field name="Value">C</field>
      </fields>
      <pins>
        <pin num="1" name="~" type="passive"/>
        <pin num="2" name="~" type="passive"/>
      </pins>
    </libpart>
    <libpart lib="conn" part="CONN_01X02">
      <description>Connector, single row, 01x02, pin header</description>
      <footprints>
        <fp>Pin_Header_Straight_1X*</fp>
        <fp>Pin_Header_Angled_1X*</fp>
        <fp>Socket_Strip_Straight_1X*</fp>
        <fp>Socket_Strip_Angled_1X*</fp>
      </footprints>
      <fields>
        <field name="Reference">J</field>
        <field name="Value">CONN_01X02</field>
      </fields>
      <pins>
        <pin num="1" name="P1" type="passive"/>
        <pin num="2" name="P2" type="passive"/>
      </pins>
    </libpart>
    <libpart lib="conn" part="CONN_01X03">
      <description>Connector, single row, 01x03, pin header</description>
      <footprints>
        <fp>Pin_Header_Straight_1X*</fp>
        <fp>Pin_Header_Angled_1X*</fp>
        <fp>Socket_Strip_Straight_1X*</fp>
        <fp>Socket_Strip_Angled_1X*</fp>
      </footprints>
      <fields>
        <field name="Reference">J</field>
        <field name="Value">CONN_01X03</field>
      </fields>
      <pins>
        <pin num="1" name="P1" type="passive"/>
        <pin num="2" name="P2" type="passive"/>
        <pin num="3" name="P3" type="passive"/>
      </pins>
    </libpart>
    <libpart lib="conn" part="CONN_01X05">
      <description>Connector, single row, 01x05, pin header</description>
      <footprints>
        <fp>Pin_Header_Straight_1X*</fp>
        <fp>Pin_Header_Angled_1X*</fp>
        <fp>Socket_Strip_Straight_1X*</fp>
        <fp>Socket_Strip_Angled_1X*</fp>
      </footprints>
      <fields>
        <field name="Reference">J</field>
        <field name="Value">CONN_01X05</field>
      </fields>
      <pins>
        <pin num="1" name="P1" type="passive"/>
        <pin num="2" name="P2" type="passive"/>
        <pin num="3" name="P3" type="passive"/>
        <pin num="4" name="P4" type="passive"/>
        <pin num="5" name="P5" type="passive"/>
      </pins>
    </libpart>
    <libpart lib="conn" part="CONN_01X07">
      <description>Connector, single row, 01x07, pin header</description>
      <footprints>
        <fp>Pin_Header_Straight_1X*</fp>
        <fp>Pin_Header_Angled_1X*</fp>
        <fp>Socket_Strip_Straight_1X*</fp>
        <fp>Socket_Strip_Angled_1X*</fp>
      </footprints>
      <fields>
        <field name="Reference">J</field>
        <field name="Value">CONN_01X07</field>
      </fields>
      <pins>
        <pin num="1" name="P1" type="passive"/>
        <pin num="2" name="P2" type="passive"/>
        <pin num="3" name="P3" type="passive"/>
        <pin num="4" name="P4" type="passive"/>
        <pin num="5" name="P5" type="passive"/>
        <pin num="6" name="P6" type="passive"/>
        <pin num="7" name="P7" type="passive"/>
      </pins>
    </libpart>
    <libpart lib="conn" part="CONN_COAXIAL">
      <description>coaxial connector (BNC, SMA, SMB, SMC, Cinch/RCA, ...)</description>
      <footprints>
        <fp>*BNC*</fp>
        <fp>*SMA*</fp>
        <fp>*SMB*</fp>
        <fp>*SMC*</fp>
        <fp>*Cinch*</fp>
      </footprints>
      <fields>
        <field name="Reference">J</field>
        <field name="Value">CONN_COAXIAL</field>
      </fields>
      <pins>
        <pin num="1" name="In" type="passive"/>
        <pin num="2" name="Ext" type="passive"/>
      </pins>
    </libpart>
    <libpart lib="device" part="CP1">
      <description>Polarised capacitor</description>
      <footprints>
        <fp>CP_*</fp>
      </footprints>
      <fields>
        <field name="Reference">C</field>
        <field name="Value">CP1</field>
      </fields>
      <pins>
        <pin num="1" name="~" type="passive"/>
        <pin num="2" name="~" type="passive"/>
      </pins>
    </libpart>
    <libpart lib="device" part="D_ALT">
      <description>Diode, alternativ symbol</description>
      <footprints>
        <fp>TO-???*</fp>
        <fp>*SingleDiode</fp>
        <fp>*_Diode_*</fp>
        <fp>*SingleDiode*</fp>
        <fp>D_*</fp>
      </footprints>
      <fields>
        <field name="Reference">D</field>
        <field name="Value">D_ALT</field>
      </fields>
      <pins>
        <pin num="1" name="K" type="passive"/>
        <pin num="2" name="A" type="passive"/>
      </pins>
    </libpart>
    <libpart lib="device" part="D_TVS">
      <description>Bidirectional transient-voltage-suppression (TVS) diode</description>
      <docs>https://en.wikipedia.org/wiki/Transient-voltage-suppression_diode</docs>
      <footprints>
        <fp>TO-???*</fp>
        <fp>*SingleDiode</fp>
        <fp>*_Diode_*</fp>
        <fp>*SingleDiode*</fp>
        <fp>D_*</fp>
      </footprints>
      <fields>
        <field name="Reference">D</field>
        <field name="Value">D_TVS</field>
      </fields>
      <pins>
        <pin num="1" name="A1" type="passive"/>
        <pin num="2" name="A2" type="passive"/>
      </pins>
    </libpart>
    <libpart lib="device" part="Fuse">
      <description>Fuse, generic</description>
      <footprints>
        <fp>*Fuse*</fp>
      </footprints>
      <fields>
        <field name="Reference">F</field>
        <field name="Value">Fuse</field>
      </fields>
      <pins>
        <pin num="1" name="~" type="passive"/>
        <pin num="2" name="~" type="passive"/>
      </pins>
    </libpart>
    <libpart lib="device" part="L">
      <description>Inductor</description>
      <footprints>
        <fp>Choke_*</fp>
        <fp>*Coil*</fp>
        <fp>Inductor_*</fp>
        <fp>L_*</fp>
      </footprints>
      <fields>
        <field name="Reference">L</field>
        <field name="Value">L</field>
      </fields>
      <pins>
        <pin num="1" name="1" type="passive"/>
        <pin num="2" name="2" type="passive"/>
      </pins>
    </libpart>
    <libpart lib="device" part="LED_ALT">
      <description>LED generic, alternativ symbol</description>
      <footprints>
        <fp>LED*</fp>
      </footprints>
      <fields>
        <field name="Reference">D</field>
        <field name="Value">LED_ALT</field>
      </fields>
      <pins>
        <pin num="1" name="K" type="passive"/>
        <pin num="2" name="A" type="passive"/>
      </pins>
    </libpart>
    <libpart lib="device" part="R">
      <description>Resistor</description>
      <footprints>
        <fp>R_*</fp>
        <fp>R_*</fp>
      </footprints>
      <fields>
        <field name="Reference">R</field>
        <field name="Value">R</field>
      </fields>
      <pins>
        <pin num="1" name="~" type="passive"/>
        <pin num="2" name="~" type="passive"/>
      </pins>
    </libpart>
    <libpart lib="switches" part="SW_DIP_x01">
      <description>1x DIP Switch, Single Pole Single Throw (SPST) switch, small symbol</description>
      <footprints>
        <fp>SW?DIP?x1*</fp>
      </footprints>
      <fields>
        <field name="Reference">SW</field>
        <field name="Value">SW_DIP_x01</field>
      </fields>
      <pins>
        <pin num="1" name="~" type="input"/>
        <pin num="2" name="~" type="input"/>
      </pins>
    </libpart>
    <libpart lib="switches" part="SW_Push">
      <description>Push button switch, generic, two pins</description>
      <fields>
        <field name="Reference">SW</field>
        <field name="Value">SW_Push</field>
      </fields>
      <pins>
        <pin num="1" name="1" type="passive"/>
        <pin num="2" name="2" type="passive"/>
      </pins>
    </libpart>
    <libpart lib="conn" part="Screw_Terminal_1x02">
      <description>2-pin screw terminal connector</description>
      <footprints>
        <fp>bornier2</fp>
        <fp>TerminalBlock*2pol</fp>
      </footprints>
      <fields>
        <field name="Reference">J</field>
        <field name="Value">Screw_Terminal_1x02</field>
      </fields>
      <pins>
        <pin num="1" name="~" type="passive"/>
        <pin num="2" name="~" type="passive"/>
      </pins>
    </libpart>
    <libpart lib="device" part="TEST">
      <description>Testpoint, connection for test equipment</description>
      <fields>
        <field name="Reference">TP</field>
        <field name="Value">TEST</field>
      </fields>
      <pins>
        <pin num="1" name="~" type="passive"/>
      </pins>
    </libpart>
    <libpart lib="myLibrary" part="TPS22918-Q1">
      <footprints>
        <fp>SOT-23</fp>
      </footprints>
      <fields>
        <field name="Reference">U</field>
        <field name="Value">TPS22918-Q1</field>
      </fields>
      <pins>
        <pin num="1" name="VIN" type="input"/>
        <pin num="2" name="GND" type="input"/>
        <pin num="3" name="ON" type="input"/>
        <pin num="4" name="CT" type="input"/>
        <pin num="5" name="QOD" type="input"/>
        <pin num="6" name="VOUT" type="input"/>
      </pins>
    </libpart>
    <libpart lib="myLibrary" part="eM300-8b">
      <fields>
        <field name="Reference">U</field>
        <field name="Value">eM300-8b</field>
      </fields>
      <pins>
        <pin num="1" name="GND" type="input"/>
        <pin num="2" name="NC" type="NotConnected"/>
        <pin num="3" name="GND" type="input"/>
        <pin num="4" name="NC" type="NotConnected"/>
        <pin num="5" name="NC" type="NotConnected"/>
        <pin num="6" name="GND" type="input"/>
        <pin num="7" name="GND" type="input"/>
        <pin num="8" name="GND" type="input"/>
        <pin num="9" name="NC" type="NotConnected"/>
        <pin num="10" name="NC" type="NotConnected"/>
        <pin num="11" name="NC" type="NotConnected"/>
        <pin num="12" name="GND" type="input"/>
        <pin num="13" name="EXT_UART1_TX" type="input"/>
        <pin num="14" name="EXT_UART1_RX" type="input"/>
        <pin num="15" name="MODULE_RSTB" type="input"/>
        <pin num="16" name="NC" type="NotConnected"/>
        <pin num="17" name="NC" type="NotConnected"/>
        <pin num="18" name="NC" type="NotConnected"/>
        <pin num="19" name="EXT_GPIO14" type="input"/>
        <pin num="20" name="3V3" type="input"/>
        <pin num="21" name="EXT_UART0_RX" type="input"/>
        <pin num="22" name="EXT_UART0_TX" type="input"/>
        <pin num="23" name="GND" type="input"/>
        <pin num="24" name="VIN" type="input"/>
        <pin num="25" name="VIN" type="input"/>
        <pin num="26" name="VIN" type="input"/>
        <pin num="27" name="GND" type="input"/>
        <pin num="28" name="AIO_0" type="input"/>
        <pin num="29" name="AIO_1" type="input"/>
        <pin num="30" name="GND" type="input"/>
        <pin num="31" name="SWD_DIO" type="input"/>
        <pin num="32" name="SWD_CLK" type="input"/>
        <pin num="33" name="NC" type="NotConnected"/>
        <pin num="34" name="EXT_GPIO12" type="input"/>
        <pin num="35" name="RIO_1" type="input"/>
        <pin num="36" name="GND" type="input"/>
        <pin num="37" name="GND" type="input"/>
        <pin num="38" name="GND" type="input"/>
        <pin num="39" name="GND" type="input"/>
        <pin num="40" name="GND" type="input"/>
        <pin num="41" name="NC" type="NotConnected"/>
        <pin num="42" name="NC" type="NotConnected"/>
        <pin num="43" name="NC" type="NotConnected"/>
        <pin num="44" name="NC" type="NotConnected"/>
        <pin num="45" name="NC" type="NotConnected"/>
        <pin num="46" name="NC" type="NotConnected"/>
        <pin num="47" name="NC" type="NotConnected"/>
        <pin num="48" name="NC" type="NotConnected"/>
        <pin num="49" name="NC" type="NotConnected"/>
        <pin num="50" name="NC" type="NotConnected"/>
        <pin num="51" name="NC" type="NotConnected"/>
        <pin num="52" name="NC" type="NotConnected"/>
        <pin num="53" name="NC" type="NotConnected"/>
        <pin num="54" name="NC" type="NotConnected"/>
        <pin num="55" name="NC" type="NotConnected"/>
        <pin num="56" name="NC" type="NotConnected"/>
        <pin num="57" name="NC" type="NotConnected"/>
        <pin num="58" name="NC" type="NotConnected"/>
        <pin num="59" name="NC" type="NotConnected"/>
        <pin num="60" name="GND" type="input"/>
        <pin num="61" name="NC" type="NotConnected"/>
        <pin num="62" name="NC" type="NotConnected"/>
        <pin num="63" name="NC" type="NotConnected"/>
        <pin num="64" name="GND" type="input"/>
        <pin num="65" name="GND" type="input"/>
        <pin num="66" name="GND" type="input"/>
        <pin num="67" name="GND" type="input"/>
        <pin num="68" name="ANT" type="input"/>
        <pin num="69" name="GND" type="input"/>
        <pin num="70" name="GND" type="input"/>
        <pin num="71" name="GND" type="input"/>
        <pin num="72" name="GND" type="input"/>
        <pin num="73" name="GND" type="input"/>
        <pin num="74" name="NC" type="NotConnected"/>
        <pin num="75" name="GND" type="input"/>
        <pin num="76" name="GND" type="input"/>
      </pins>
    </libpart>
  </libparts>
  <libraries>
    <library logical="conn">
      <uri>C:\Program Files\KiCad\share\kicad\library\conn.lib</uri>
    </library>
    <library logical="switches">
      <uri>C:\Program Files\KiCad\share\kicad\library\switches.lib</uri>
    </library>
    <library logical="diode">
      <uri>C:\Program Files\KiCad\share\kicad\library\diode.lib</uri>
    </library>
    <library logical="myLibrary">
      <uri>C:\Users\zwang\Documents\Temperature Sensor\Hauwei\Hauwei_IoT_Board\myLibrary.lib</uri>
    </library>
    <library logical="regul">
      <uri>C:\Program Files\KiCad\share\kicad\library\regul.lib</uri>
    </library>
    <library logical="device">
      <uri>C:\Program Files\KiCad\share\kicad\library\device.lib</uri>
    </library>
  </libraries>
  <nets>
    <net code="1" name="Net-(J4-Pad3)">
      <node ref="R5" pin="2"/>
      <node ref="J4" pin="3"/>
    </net>
    <net code="2" name="Net-(J4-Pad4)">
      <node ref="R6" pin="2"/>
      <node ref="J4" pin="4"/>
    </net>
    <net code="3" name="Net-(J4-Pad1)">
      <node ref="R2" pin="2"/>
      <node ref="J4" pin="1"/>
    </net>
    <net code="4" name="Net-(J4-Pad2)">
      <node ref="R4" pin="2"/>
      <node ref="J4" pin="2"/>
    </net>
    <net code="5" name="Net-(J4-Pad5)">
      <node ref="R7" pin="2"/>
      <node ref="J4" pin="5"/>
    </net>
    <net code="6" name="/AIO_0">
      <node ref="R7" pin="1"/>
      <node ref="U2" pin="28"/>
    </net>
    <net code="7" name="/AIO_1">
      <node ref="R6" pin="1"/>
      <node ref="U2" pin="29"/>
    </net>
    <net code="8" name="/GPIO12">
      <node ref="U2" pin="34"/>
      <node ref="R5" pin="1"/>
    </net>
    <net code="9" name="/GPIO14">
      <node ref="R4" pin="1"/>
      <node ref="U2" pin="19"/>
    </net>
    <net code="10" name="/RIO_1">
      <node ref="U2" pin="35"/>
      <node ref="R2" pin="1"/>
    </net>
    <net code="11" name="GND">
      <node ref="C16" pin="2"/>
      <node ref="C14" pin="2"/>
      <node ref="U4" pin="2"/>
      <node ref="J8" pin="2"/>
      <node ref="U5" pin="2"/>
      <node ref="R16" pin="2"/>
      <node ref="C5" pin="1"/>
      <node ref="C13" pin="2"/>
      <node ref="C10" pin="2"/>
      <node ref="C9" pin="2"/>
      <node ref="R20" pin="2"/>
      <node ref="J6" pin="3"/>
      <node ref="U2" pin="60"/>
      <node ref="U2" pin="73"/>
      <node ref="U2" pin="3"/>
      <node ref="U2" pin="6"/>
      <node ref="U2" pin="7"/>
      <node ref="U2" pin="8"/>
      <node ref="U2" pin="30"/>
      <node ref="U2" pin="40"/>
      <node ref="U2" pin="27"/>
      <node ref="U2" pin="37"/>
      <node ref="U2" pin="65"/>
      <node ref="U2" pin="67"/>
      <node ref="U2" pin="66"/>
      <node ref="U2" pin="38"/>
      <node ref="U2" pin="39"/>
      <node ref="R15" pin="1"/>
      <node ref="U2" pin="64"/>
      <node ref="U3" pin="1"/>
      <node ref="U2" pin="1"/>
      <node ref="C1" pin="2"/>
      <node ref="U2" pin="36"/>
      <node ref="C11" pin="2"/>
      <node ref="C12" pin="2"/>
      <node ref="J5" pin="2"/>
      <node ref="U2" pin="12"/>
      <node ref="U2" pin="23"/>
      <node ref="C15" pin="2"/>
      <node ref="SW2" pin="2"/>
      <node ref="J3" pin="1"/>
    </net>
    <net code="12" name="+3V3">
      <node ref="U5" pin="1"/>
      <node ref="R19" pin="1"/>
      <node ref="C5" pin="2"/>
      <node ref="J5" pin="1"/>
      <node ref="C1" pin="1"/>
      <node ref="R14" pin="1"/>
      <node ref="J9" pin="2"/>
      <node ref="D4" pin="2"/>
      <node ref="J6" pin="4"/>
      <node ref="C10" pin="1"/>
    </net>
    <net code="13" name="/UART1_TX">
      <node ref="R3" pin="1"/>
      <node ref="U2" pin="13"/>
    </net>
    <net code="14" name="Net-(J3-Pad3)">
      <node ref="J3" pin="3"/>
      <node ref="R3" pin="2"/>
    </net>
    <net code="15" name="Net-(J3-Pad2)">
      <node ref="R1" pin="2"/>
      <node ref="J3" pin="2"/>
    </net>
    <net code="16" name="/UART1_RX">
      <node ref="U2" pin="14"/>
      <node ref="R1" pin="1"/>
    </net>
    <net code="17" name="Net-(J5-Pad4)">
      <node ref="U2" pin="31"/>
      <node ref="J5" pin="4"/>
    </net>
    <net code="18" name="Net-(J5-Pad3)">
      <node ref="J5" pin="3"/>
      <node ref="U2" pin="32"/>
    </net>
    <net code="19" name="/RST">
      <node ref="SW2" pin="1"/>
      <node ref="R19" pin="2"/>
      <node ref="J5" pin="5"/>
      <node ref="C15" pin="1"/>
      <node ref="U2" pin="15"/>
    </net>
    <net code="20" name="Net-(J8-Pad1)">
      <node ref="U2" pin="68"/>
      <node ref="J8" pin="1"/>
    </net>
    <net code="21" name="Net-(U2-Pad69)">
      <node ref="U2" pin="70"/>
      <node ref="U2" pin="75"/>
      <node ref="U2" pin="76"/>
      <node ref="U2" pin="69"/>
      <node ref="U2" pin="71"/>
      <node ref="U2" pin="72"/>
    </net>
    <net code="22" name="/MODEM_3.6V_EN">
      <node ref="U4" pin="3"/>
      <node ref="R13" pin="2"/>
      <node ref="J6" pin="5"/>
    </net>
    <net code="23" name="/3.3V_VIN">
      <node ref="U5" pin="6"/>
      <node ref="R17" pin="1"/>
      <node ref="U2" pin="20"/>
      <node ref="C13" pin="1"/>
    </net>
    <net code="24" name="/MODEM_3.3V_EN">
      <node ref="U5" pin="3"/>
      <node ref="R14" pin="2"/>
      <node ref="J6" pin="6"/>
    </net>
    <net code="25" name="Net-(D5-Pad1)">
      <node ref="D5" pin="1"/>
      <node ref="R20" pin="1"/>
    </net>
    <net code="26" name="/3.6V">
      <node ref="D5" pin="2"/>
      <node ref="TP1" pin="1"/>
      <node ref="C8" pin="1"/>
      <node ref="C7" pin="1"/>
      <node ref="C6" pin="1"/>
      <node ref="U3" pin="3"/>
      <node ref="R13" pin="1"/>
      <node ref="J7" pin="2"/>
      <node ref="U4" pin="1"/>
    </net>
    <net code="28" name="Net-(F1-Pad2)">
      <node ref="SW1" pin="1"/>
      <node ref="F1" pin="2"/>
    </net>
    <net code="29" name="Net-(R17-Pad2)">
      <node ref="U5" pin="5"/>
      <node ref="R17" pin="2"/>
    </net>
    <net code="30" name="Net-(C12-Pad1)">
      <node ref="U5" pin="4"/>
      <node ref="C12" pin="1"/>
    </net>
    <net code="31" name="Net-(C11-Pad1)">
      <node ref="U4" pin="4"/>
      <node ref="C11" pin="1"/>
    </net>
    <net code="32" name="Net-(R18-Pad2)">
      <node ref="R18" pin="2"/>
      <node ref="U4" pin="5"/>
    </net>
    <net code="33" name="Net-(U2-Pad51)">
      <node ref="U2" pin="51"/>
    </net>
    <net code="34" name="Net-(U2-Pad61)">
      <node ref="U2" pin="61"/>
    </net>
    <net code="35" name="Net-(R9-Pad2)">
      <node ref="U2" pin="22"/>
      <node ref="R9" pin="2"/>
    </net>
    <net code="36" name="Net-(U2-Pad42)">
      <node ref="U2" pin="42"/>
    </net>
    <net code="37" name="Net-(U2-Pad52)">
      <node ref="U2" pin="52"/>
    </net>
    <net code="38" name="Net-(U2-Pad62)">
      <node ref="U2" pin="62"/>
    </net>
    <net code="39" name="Net-(U2-Pad41)">
      <node ref="U2" pin="41"/>
    </net>
    <net code="40" name="Net-(U2-Pad33)">
      <node ref="U2" pin="33"/>
    </net>
    <net code="41" name="Net-(U2-Pad43)">
      <node ref="U2" pin="43"/>
    </net>
    <net code="42" name="Net-(U2-Pad53)">
      <node ref="U2" pin="53"/>
    </net>
    <net code="43" name="Net-(U2-Pad63)">
      <node ref="U2" pin="63"/>
    </net>
    <net code="44" name="Net-(U2-Pad4)">
      <node ref="U2" pin="4"/>
    </net>
    <net code="45" name="Net-(U2-Pad5)">
      <node ref="U2" pin="5"/>
    </net>
    <net code="46" name="Net-(U2-Pad9)">
      <node ref="U2" pin="9"/>
    </net>
    <net code="47" name="Net-(U2-Pad10)">
      <node ref="U2" pin="10"/>
    </net>
    <net code="48" name="Net-(U2-Pad50)">
      <node ref="U2" pin="50"/>
    </net>
    <net code="49" name="Net-(U2-Pad11)">
      <node ref="U2" pin="11"/>
    </net>
    <net code="50" name="Net-(R10-Pad2)">
      <node ref="R10" pin="2"/>
      <node ref="U2" pin="21"/>
    </net>
    <net code="51" name="Net-(U2-Pad17)">
      <node ref="U2" pin="17"/>
    </net>
    <net code="52" name="Net-(U2-Pad47)">
      <node ref="U2" pin="47"/>
    </net>
    <net code="53" name="Net-(U2-Pad57)">
      <node ref="U2" pin="57"/>
    </net>
    <net code="54" name="Net-(U2-Pad18)">
      <node ref="U2" pin="18"/>
    </net>
    <net code="55" name="Net-(U2-Pad48)">
      <node ref="U2" pin="48"/>
    </net>
    <net code="56" name="Net-(U2-Pad58)">
      <node ref="U2" pin="58"/>
    </net>
    <net code="57" name="Net-(U2-Pad49)">
      <node ref="U2" pin="49"/>
    </net>
    <net code="58" name="Net-(U2-Pad45)">
      <node ref="U2" pin="45"/>
    </net>
    <net code="59" name="Net-(U2-Pad44)">
      <node ref="U2" pin="44"/>
    </net>
    <net code="60" name="Net-(U2-Pad54)">
      <node ref="U2" pin="54"/>
    </net>
    <net code="61" name="Net-(U2-Pad74)">
      <node ref="U2" pin="74"/>
    </net>
    <net code="62" name="Net-(U2-Pad2)">
      <node ref="U2" pin="2"/>
    </net>
    <net code="63" name="Net-(U2-Pad55)">
      <node ref="U2" pin="55"/>
    </net>
    <net code="64" name="Net-(U2-Pad16)">
      <node ref="U2" pin="16"/>
    </net>
    <net code="65" name="Net-(U2-Pad46)">
      <node ref="U2" pin="46"/>
    </net>
    <net code="66" name="Net-(U2-Pad56)">
      <node ref="U2" pin="56"/>
    </net>
    <net code="67" name="Net-(C4-Pad1)">
      <node ref="L1" pin="2"/>
      <node ref="C4" pin="1"/>
      <node ref="U1" pin="6"/>
      <node ref="D3" pin="1"/>
    </net>
    <net code="68" name="Net-(C2-Pad1)">
      <node ref="R8" pin="1"/>
      <node ref="C2" pin="1"/>
      <node ref="U1" pin="5"/>
      <node ref="D2" pin="1"/>
      <node ref="C3" pin="1"/>
    </net>
    <net code="69" name="GNDREF">
      <node ref="D3" pin="2"/>
      <node ref="J2" pin="2"/>
      <node ref="J1" pin="2"/>
      <node ref="R15" pin="2"/>
      <node ref="C7" pin="2"/>
      <node ref="C6" pin="2"/>
      <node ref="J2" pin="3"/>
      <node ref="D1" pin="2"/>
      <node ref="C3" pin="2"/>
      <node ref="C2" pin="2"/>
      <node ref="U1" pin="2"/>
      <node ref="C8" pin="2"/>
      <node ref="R12" pin="2"/>
    </net>
    <net code="70" name="Net-(C4-Pad2)">
      <node ref="U1" pin="1"/>
      <node ref="C4" pin="2"/>
    </net>
    <net code="71" name="Net-(R11-Pad2)">
      <node ref="R11" pin="2"/>
      <node ref="R12" pin="1"/>
      <node ref="U1" pin="3"/>
    </net>
    <net code="72" name="Net-(J6-Pad7)">
      <node ref="R8" pin="2"/>
      <node ref="U1" pin="4"/>
      <node ref="J6" pin="7"/>
    </net>
    <net code="73" name="Net-(C9-Pad1)">
      <node ref="U3" pin="2"/>
      <node ref="C9" pin="1"/>
      <node ref="J9" pin="1"/>
    </net>
    <net code="74" name="Net-(D4-Pad1)">
      <node ref="R16" pin="1"/>
      <node ref="D4" pin="1"/>
    </net>
    <net code="75" name="Net-(U2-Pad59)">
      <node ref="U2" pin="59"/>
    </net>
    <net code="76" name="Net-(J7-Pad1)">
      <node ref="J7" pin="1"/>
      <node ref="L1" pin="1"/>
      <node ref="R11" pin="1"/>
    </net>
    <net code="77" name="Net-(J6-Pad2)">
      <node ref="J6" pin="2"/>
      <node ref="R9" pin="1"/>
    </net>
    <net code="78" name="Net-(J6-Pad1)">
      <node ref="R10" pin="1"/>
      <node ref="J6" pin="1"/>
    </net>
    <net code="79" name="/3.6V_VIN">
      <node ref="U2" pin="26"/>
      <node ref="U2" pin="24"/>
      <node ref="U2" pin="25"/>
      <node ref="U4" pin="6"/>
      <node ref="C14" pin="1"/>
      <node ref="R18" pin="1"/>
      <node ref="C16" pin="1"/>
    </net>
    <net code="80" name="Net-(D1-Pad1)">
      <node ref="D2" pin="2"/>
      <node ref="D1" pin="1"/>
      <node ref="F1" pin="1"/>
    </net>
    <net code="81" name="Net-(J1-Pad1)">
      <node ref="SW1" pin="2"/>
      <node ref="J1" pin="1"/>
      <node ref="J2" pin="1"/>
    </net>
  </nets>
</export>
