<?xml version="1.0" encoding="UTF-8" standalone="no"?>
<descTool>
    <toolOptions>
        <runGUI>1</runGUI>
        <workspace>C:\Users\a0221162\Desktop\descriptors\SimpleUsb\simpleUsbBackchannel_CDC_Desc.xml</workspace>
        <projectName>n/a</projectName>
    </toolOptions>
    <toolConfig>
        <treeConfig>
            <MSP mcuFam="0">
                <mspConfig>
                    <disableXtalOnSus>1</disableXtalOnSus>
                    <XT2OscFreq>14</XT2OscFreq>
                    <DMAChannel>1</DMAChannel>
                    <bypassXT2>0</bypassXT2>
                    <useSYSBIOS>0</useSYSBIOS>
                    <driveVBUSfromExtSupp>0</driveVBUSfromExtSupp>
                </mspConfig>
                <USBDevice>
                    <deviceProp>
                        <vid>0x2047</vid>
                        <pid>0x0403</pid>
                        <vndStr>Texas Instruments</vndStr>
                        <prodStr>Temperature Sensores Board</prodStr>
                        <devRelNum>0x200</devRelNum>
                        <useSerNum>1</useSerNum>
                    </deviceProp>
                    <config>
                        <configParam>
                            <selfPowered>0</selfPowered>
                            <remWkupSup>0</remWkupSup>
                            <maxPowDrain>0</maxPowDrain>
                            <configStr>MSP USB</configStr>
                        </configParam>
                        <interfaces/>
                    </config>
                </USBDevice>
            </MSP>
        </treeConfig>
    </toolConfig>
    <codeGeneration generate="0" generateINF="0"/>
</descTool>
